CREATE DATABASE Locadora
GO 
USE Locadora

GO
CREATE TABLE filme (
id					 INT                                              NOT NULL,
titulo			   VARCHAR(40)                                        NOT NULL,
ano                  INT           CHECK(ano <= 2021)                 NULL
PRIMARY KEY(id)
)

GO
CREATE TABLE estrela (
id					 INT                                              NOT NULL,
nome			  VARCHAR(50)                                         NOT NULL
PRIMARY KEY(id)
)

GO
CREATE TABLE filmestrela (
id_filme			 INT                                              NOT NULL,
id_estrela		     INT                                              NOT NULL
PRIMARY KEY(id_filme, id_estrela)
FOREIGN KEY(id_filme) REFERENCES filme(id),
FOREIGN KEY(id_estrela) REFERENCES estrela(id)
)

GO
CREATE TABLE dvd(
num					 INT                                               NOT NULL,
data_fabricacao		 DATE     CHECK(data_fabricacao < GETDATE())       NOT NULL,
id_filme			 INT                                               NOT NULL
PRIMARY KEY(num)
FOREIGN KEY(id_filme) REFERENCES filme(id)
)


GO
CREATE TABLE cliente (
num_cadastro		 INT                                              NOT NULL,
nome                 VARCHAR(70)                                      NOT NULL,
logradouro           VARCHAR(150)                                     NOT NULL,
num                  INT          CHECK(num > 0)                      NOT NULL,
cep                  CHAR(8)      CHECK(LEN(cep) = 8)                   NULL
PRIMARY KEY(num_cadastro)
)

GO
CREATE TABLE locacao (
num_dvd                INT                                           NOT NULL,
num_cadastro_cliente   INT                                           NOT NULL,
data_locacao          DATE            DEFAULT(GETDATE())                NOT NULL,
data_devolucao        DATE                                           NOT NULL,
valor              DECIMAL(7,2)        CHECK(valor > 0.00)           NOT NULL
PRIMARY KEY(num_dvd, num_cadastro_cliente, data_locacao)
FOREIGN KEY(num_dvd) REFERENCES dvd(num),
FOREIGN KEY(num_cadastro_cliente) REFERENCES cliente(num_cadastro),
CONSTRAINT chk_dt CHECK( data_devolucao > data_locacao )
)

EXEC sp_help filme
EXEC sp_help dvd
EXEC sp_help cliente
EXEC sp_help estrela
EXEC sp_help filmestrela
EXEC sp_help locacao

SELECT*FROM filme
SELECT*FROM dvd
SELECT*FROM filmestrela
SELECT*FROM locacao
SELECT*FROM estrela
SELECT*FROM cliente


ALTER TABLE estrela
ADD nome_real     VARCHAR(50)       NULL


ALTER TABLE filme
ALTER COLUMN titulo VARCHAR (80)  NOT NULL



INSERT INTO filme (id, titulo, ano)
VALUES  (1001, 'Whiplash', 2015)

INSERT INTO filme (id, titulo, ano)
VALUES  (1002, 'Birdman', 2015)

INSERT INTO filme (id, titulo, ano)
VALUES  (1003, 'Interestelar', 2014)

INSERT INTO filme (id, titulo, ano)
VALUES  (1004, 'A culpa é das estrelas', 2014)

INSERT INTO filme (id, titulo, ano)
VALUES  (1005, 'Alexandre e o Dia Terrível, Horrível, Espantoso e Horroroso', 2014)

INSERT INTO filme (id, titulo, ano)
VALUES  (1006, 'Sing', 2016)




INSERT INTO estrela (id, nome)
VALUES(9901, 'Michael Keaton')

INSERT INTO estrela (id, nome)
VALUES(9902, 'Emma Stone')

INSERT INTO estrela (id, nome)
VALUES(9903, 'Miles Teller')

INSERT INTO estrela (id, nome)
VALUES(9904, 'Steve Carell')

INSERT INTO estrela (id, nome)
VALUES(9905, 'Jennifer Garner')





INSERT INTO filmestrela (id_filme, id_estrela)
VALUES(1002, 9901)

INSERT INTO filmestrela (id_filme, id_estrela)
VALUES(1002, 9902)

INSERT INTO filmestrela (id_filme, id_estrela)
VALUES(1001, 9903)

INSERT INTO filmestrela (id_filme, id_estrela)
VALUES(1005, 9904)

INSERT INTO filmestrela (id_filme, id_estrela)
VALUES(1005, 9905)




INSERT INTO dvd(num, data_fabricacao,id_filme)
VALUES(10001, '2020-12-02', 1001)

INSERT INTO dvd(num, data_fabricacao,id_filme)
VALUES(10002, '2019-10-18', 1002)

INSERT INTO dvd(num, data_fabricacao,id_filme)
VALUES(10003, '2020-04-03', 1003)

INSERT INTO dvd(num, data_fabricacao,id_filme)
VALUES(10004, '2020-12-02', 1001)

INSERT INTO dvd(num, data_fabricacao,id_filme)
VALUES(10005, '2019-10-18', 1004)

INSERT INTO dvd(num, data_fabricacao,id_filme)
VALUES(10006, '2020-04-03', 1002)

INSERT INTO dvd(num, data_fabricacao,id_filme)
VALUES(10007, '2020-12-02', 1005)

INSERT INTO dvd(num, data_fabricacao,id_filme)
VALUES(10008, '2019-10-18', 1002)

INSERT INTO dvd(num, data_fabricacao,id_filme)
VALUES(10009, '2020-04-03', 1003)




INSERT INTO cliente (num_cadastro, nome, logradouro, num, cep)
VALUES(5501, 'Matilde Luz', 'Rua Síria', 150, '03086040')

INSERT INTO cliente (num_cadastro, nome, logradouro, num, cep)
VALUES(5502, 'Carlos Carreiro', 'Rua Bartolomeu Aires', 1250, '04419110')

INSERT INTO cliente (num_cadastro, nome, logradouro, num, cep)
VALUES(5503, 'Daniel Ramalho', 'Rua Itajutiba', 169, NULL)

INSERT INTO cliente (num_cadastro, nome, logradouro, num, cep)
VALUES(5504, 'Roberta Bento', 'Rua Jayme Von Rosenburg', 36, NULL)

INSERT INTO cliente (num_cadastro, nome, logradouro, num, cep)
VALUES(5505, 'Rosa Cerqueira', 'Rua Arnaldo Simões Pinto', 235, '02917110')




INSERT INTO locacao(num_dvd, num_cadastro_cliente, data_locacao, data_devolucao, valor)
VALUES(10001, 5502, '2021-02-18', '2021-02-21', 3.50)

INSERT INTO locacao(num_dvd, num_cadastro_cliente, data_locacao, data_devolucao, valor)
VALUES(10009, 5502, '2021-02-18', '2021-02-21', 3.50)

INSERT INTO locacao(num_dvd, num_cadastro_cliente, data_locacao, data_devolucao, valor)
VALUES(10002, 5503, '2021-02-18', '2021-02-19', 3.50)

INSERT INTO locacao(num_dvd, num_cadastro_cliente, data_locacao, data_devolucao, valor)
VALUES(10002, 5505, '2021-02-20', '2021-02-23', 3.00)

INSERT INTO locacao(num_dvd, num_cadastro_cliente, data_locacao, data_devolucao, valor)
VALUES(10004, 5505, '2021-02-20', '2021-02-23', 3.00)

INSERT INTO locacao(num_dvd, num_cadastro_cliente, data_locacao, data_devolucao, valor)
VALUES(10005, 5505, '2021-02-20', '2021-02-23', 3.00)

INSERT INTO locacao(num_dvd, num_cadastro_cliente, data_locacao, data_devolucao, valor)
VALUES(10001, 5501, '2021-02-24', '2021-02-26', 3.50)

INSERT INTO locacao(num_dvd, num_cadastro_cliente, data_locacao, data_devolucao, valor)
VALUES(10008, 5501, '2021-02-24', '2021-02-26', 3.50)

UPDATE estrela
SET nome_real = 'Michael John Douglas'
WHERE id = 9901
UPDATE estrela
SET nome_real = 'Emily Jean Stone'
WHERE id = 9902
UPDATE estrela
SET nome_real = NULL
WHERE id = 9903
UPDATE estrela
SET nome_real =  'Steven John Carell'
WHERE id = 9904
UPDATE estrela
SET nome_real =  'Jennifer Anne Garner'
WHERE id = 9905


UPDATE cliente
SET cep = '08411150'
WHERE num_cadastro = 5503

UPDATE cliente
SET cep = '02918190'
WHERE num_cadastro = 5504

UPDATE locacao
SET valor = 3.25
WHERE data_locacao = '2021-02-18' AND num_cadastro_cliente = 5502

UPDATE locacao
SET valor = 3.10
WHERE data_locacao = '2021-02-24' AND num_cadastro_cliente =  5501

UPDATE dvd
SET data_fabricacao = 2019-07-14
WHERE num = 10005

UPDATE estrela
SET nome_real = 'Miles Alexander Teller'
WHERE id = 9903


DELETE filme
WHERE id = 1006





SELECT ano
FROM filme
WHERE ano = 2014

SELECT id, ano
FROM filme
WHERE titulo = 'Birdman'

SELECT id, ano
FROM filme
WHERE titulo LIKE '%plash%'

SELECT id, nome, nome_real
FROM estrela
WHERE nome LIKE '%Steve%'

SELECT id_filme, CONVERT( CHAR(10),data_fabricacao, 103) AS fab
FROM dvd
WHERE data_fabricacao >= '01-01-2020'

SELECT num_dvd, data_locacao, data_devolucao, valor , valor + 2.00 AS divida
FROM locacao
WHERE num_cadastro_cliente = 5505

SELECT logradouro, num, cep
FROM cliente
WHERE nome = 'Matilde Luz'

SELECT nome_real
FROM estrela
WHERE nome = 'Michael Keaton'

SELECT num_cadastro, nome, logradouro + '  ' + CAST( num AS VARCHAR(5))+ '  ' + cep AS end_comp
FROM cliente
WHERE num_cadastro >= 5503


SELECT id,ano,titulo = CASE When Len (titulo) > 10 
Then SUBSTRING (titulo,1,10) + '...' ELSE titulo
END 
FROM filme
Where id IN (
SELECT id_filme FROM dvd 
Where data_fabricacao >  CONVERT (DATE, '01/01/2020')
)


SELECT num, data_fabricacao, 
DATEDIFF (MONTH,data_fabricacao, GETDATE()) AS meses
FROM dvd
WHERE id_filme IN (
SELECT id FROM filme
WHERE titulo = 'Interestelar')

SELECT num_dvd, data_locacao, data_devolucao,
DATEDIFF(day,data_locacao,data_devolucao) AS dias_alugados,valor
FROM locacao
WHERE num_cadastro_cliente IN (
SELECT num_cadastro FROM cliente
WHERE nome LIKE '%Rosa%')

SELECT nome, logradouro + ' , ' + CAST(num AS Varchar(05)) +
' , ' + SUBSTRING(cep, 1,5) + '-' + SUBSTRING (cep, 6,3) AS
endereço_completo
FROM cliente
WHERE num_cadastro IN (
SELECT num_cadastro_cliente  FROM locacao
WHERE num_dvd = '10002')

SELECT c.num_cadastro, c.nome, 
	CONVERT(CHAR(10), l.data_locacao, 103) AS dt_loc,
	DATEDIFF(DAY, l.data_locacao, l.data_devolucao) AS qtd_dias_alugado,
	f.titulo, f.ano
FROM dvd d, locacao l, cliente c, filme f 
WHERE d.num = l.num_dvd
	AND l.num_cadastro_cliente = c.num_cadastro
	AND f.id = d.id_filme
	AND c.nome LIKE 'Matilde%'

SELECT c.num_cadastro, c.nome, 
	CONVERT(CHAR(10), l.data_locacao, 103) AS dt_loc,
	DATEDIFF(DAY, l.data_locacao, l.data_devolucao) AS qtd_dias_alugado,
	f.titulo, f.ano
FROM dvd d INNER JOIN locacao l
ON d.num = l.num_dvd
INNER JOIN  cliente c
ON l.num_cadastro_cliente = c.num_cadastro
INNER JOIN  filme f 
ON f.id = d.id_filme
WHERE c.nome LIKE 'Matilde%'


SELECT e.nome, e.nome_real, f.titulo
FROM estrela e, filme f, filmestrela fe
WHERE e.id = fe.id_estrela
	AND f.id = fe.id_filme
	AND f.ano = 2015

SELECT e.nome, e.nome_real, f.titulo
FROM estrela e INNER JOIN filmestrela fe
ON e.id = fe.id_estrela
INNER JOIN filme f 
ON f.id = fe.id_filme
WHERE f.ano = 2015

---